question,choices,correct_answer,unsure_option,sources,ideal,distractors
Acinetobacter lwoffii has been evolved in the lab to be resistant to which of these antibiotics?,(A) gentamicin|(B) ampicillin|(C) meropenem|(D) Insufficient information to answer the question|(E) ciproflaxin,E,D,https://doi.org/10.1128/msphere.00109-24,ciproflaxin,meropenem|gentamicin|ampicillin
Active olfactory receptor genes increase their contacts with greek island regions by what factor in mouse olfactory neurons?,(A) 27 fold|(B) 3.0 fold|(C) 2.0 fold|(D) Insufficient information to answer the question|(E) 1.7 fold|(F) 2.7 fold,F,D,https://doi.org/10.1038/s41586-023-06845-4,2.7 fold,1.7 fold|27 fold|3.0 fold|2.0 fold
"Among Cas9-disrupted loci in human neural stem cells, what fraction of disruption phenotypes were apparent after 4 cell divisions?",(A) 31% of enhancer loci|(B) 31% of gene loci|(C) 61% conserved region loci|(D) Insufficient information to answer the question|(E) 61% of enhancer loci|(F) 61% of gene loci|(G) 31% conserved region loci,F,D,https://doi.org/10.1016/j.celrep.2024.113693,61% of gene loci,61% of enhancer loci|31% of gene loci|31% of enhancer loci|61% conserved region loci|31% conserved region loci
Approximately how many unique transposable element insertion loci are there in the mandarin (Citrus reticulata) genome?,"(A) 4|(B) 400|(C) Insufficient information to answer the question|(D) 39|(E) 2|(F) 850|(G) 12,300|(H) 2|(I) 750|(J) 900",G,C,https://doi.org/10.1101/2022.03.19.484946,"12,300",4|900|39|400|2|750|2|850
Approximately what percentage of Drosophila with a H3.3K36R mutation finish developing and enclose?,(A) Insufficient information to answer the question|(B) 6%|(C) 80%|(D) 94%|(E) 19%|(F) 37%|(G) 50%,C,A,https://doi.org/10.1101/2024.05.03.592390,80%,19%|50%|37%|6%|94%
"Approximately what percentage of adr-1(-), adr-2(-), and adr-1(-);adr-2(-) mutant C. elegans will die after exposure to 36ºC for 6 hours, where survival is assessed after 14h of recovery at 20ºC?",(A) Insufficient information to answer the question|(B) 60%|(C) 70%|(D) 10%|(E) 80%|(F) 40%|(G) 50%|(H) 30%|(I) 20%,D,A,https://doi.org/10.1186/s12915-024-01840-1,10%,20%|30%|40%|50%|60%|70%|80%
"Are enhancer and promoter sequences broadly compatible in human cells, and is this the same as in drosophila?","(A) no, yes|(B) no, no|(C) yes, yes|(D) Insufficient information to answer the question|(E) yes, no",E,D,https://doi.org/10.1038/s41586-022-04877-w,"yes, no","yes, yes|no, yes|no, no"
At which amino acid position is a large oligosaccharide density observed in the cryo-EM map of Nav1.6?,(A) Insufficient information to answer the question|(B) Leu288|(C) Trp324|(D) Phe302|(E) Asn326,E,A,https://doi.org/10.1073/pnas.2220578120,Asn326,Leu288|Phe302|Trp324
"Based on experiments done in cohorts of mice injected with B16-F10 melanoma cells expressing ovalbumin, at what time of day is the number of tumor-infiltrating leukocytes the highest?",(A) morning|(B) Insufficient information to answer the question|(C) dawn|(D) evening|(E) middle of the night,D,B,https://doi.org/10.1016/j.cell.2024.04.015,evening,morning|dawn|middle of the night
"Based on single-nuclei RNA sequencing data, myotendinous junction myonuclei are enriched for genes involved in which of the following functions?",(A) cell–matrix interactions|(B) protein synthesis|(C) synaptic transmission|(D) Insufficient information to answer the question|(E) signal transduction,A,D,https://doi.org/10.1038/s41586-024-07348-6,cell–matrix interactions,synaptic transmission|signal transduction|protein synthesis
"Based on the single-cell transcriptome analysis highlighting fatty acid metabolism-mediated metastasis and immunosuppression in male breast cancer, what percentage of ER+ MBC patients showed AR-negative status when evaluated by IHR?",(A) 69.9%|(B) 17.4%|(C) Insufficient information to answer the question|(D) 50.0%|(E) 5.3%|(F) 1%,E,C,https://doi.org/10.1038/s41467-023-41318-2,5.3%,1%|17.4%|69.9%|50.0%
"Based on whole genome bisulfite sequencing data (WGBS) from publicly available datasets (the ROADMAP epigenome project and the ENCODE data portal), what is the relationship between DNA methylation patterns between introns and exons (after excluding consideration of the first intron and first exon)?",(A) Exons have more DNA methylation|(B) only areas very close to the transcription start site|(C) Insufficient information to answer the question|(D) Introns have more DNA methylation|(E) There are no significant differences|(F) Neither introns nor exons can be methylated,E,C,https://doi.org/10.1093/nar/gkae252,There are no significant differences,Introns have more DNA methylation|Exons have more DNA methylation|Neither introns nor exons can be methylated|only areas very close to the transcription start site
Beta-amyrin synthase from which of the following plants produces in the highest yield of beta-amyrin from squalene?,(A) Artemisia annua|(B) Arabidopsis thaliana|(C) Saponaria vaccaria|(D) Glycyrrhiza glabra|(E) Insufficient information to answer the question,C,E,https://doi.org/10.1038/s41586-024-07345-9,Saponaria vaccaria,Artemisia annua|Arabidopsis thaliana|Glycyrrhiza glabra
Between postnatal ages P6 to P15 what is the increase in thalamocortical synapse density in the anterior cingulate cortex increase in wild-type mice?,(A) 7x|(B) 3x|(C) 5x|(D) 9x|(E) Insufficient information to answer the question,C,E,https://doi.org/10.1016/j.celrep.2022.111161,5x,3x|7x|9x
By what factor did T cells with a anti-CD19 synNotch -> sIL-2 receptor circut expand within a mouse tumor?,(A) 1000|(B) Insufficient information to answer the question|(C) 100|(D) 200|(E) 0,C,B,https://doi.org/10.1126/science.aba1624,100,0|200|1000
By what factor does MLH1dn expression increase editing efficiency of the PE2 editing system on average?,(A) 9.6x|(B) 2.0x|(C) Insufficient information to answer the question|(D) 4.2x|(E) 7.7x,E,C,https://doi.org/10.1016/j.cell.2021.09.018,7.7x,2.0x|4.2x|9.6x
Deleting which of following sets of residues from the protein Apollo has been shown to reduce the interaction between Apollo and DNA-PKcs in HEK293T cells?,(A) Insufficient information to answer the question|(B) residues 310-319|(C) residues 360-380|(D) residues 320-343|(E) residues 344–360,E,A,https://doi.org/10.1093/nar/gkae105,residues 344–360,residues 360-380|residues 320-343|residues 310-319
Deleting which set of amino acids from C. elegans protein COSA-1 would most likely affect the ability of COSA-1 to recruit MSH5 and ZHP3?,(A) aa 31-40|(B) aa 1-10|(C) aa 11-20|(D) Insufficient information to answer the question|(E) aa 21-30,A,D,https://doi.org/10.1093/nar/gkae130,aa 31-40,aa 1-10|aa 11-20|aa 21-30
Disruption of MTF1 expression in Chlamydomonas has what effect on the photosynthetic machinery?,(A) Upregulation of chloroplast-expressed proteins|(B) No effect|(C) Insufficient information to answer the question|(D) Depletion of photosynthetic machinery|(E) Upregulation of photosynthetic machinery,D,C,https://doi.org/10.1016/j.cell.2023.11.007,Depletion of photosynthetic machinery,Upregulation of photosynthetic machinery|Upregulation of chloroplast-expressed proteins|No effect
Do hair cells regenerate in wounds treated with verteporfin in mice models?,(A) No|(B) Yes|(C) Insufficient information to answer the question,B,C,https://doi.org/10.1016/j.stem.2021.12.011,Yes,No
Does metabolic glycan labeling immobilize dendritic cell membrane and enhance antitumor efficacy of dendritic cell vaccine?,(A) No|(B) Yes|(C) Insufficient information to answer the question,B,C,https://doi.org/10.1038/s41467-023-40886-7,Yes,No
Does targeting sgRNAs to coding strands or template strands in gene bodies lead to higher effect size on average across multiple CRISPRi screens?,(A) coding strand|(B) Insufficient information to answer the question|(C) template strand,A,B,https://doi.org/10.1038/s41592-024-02216-7,coding strand,template strand
"Does the protein encoded by TDRD1 have symmetrical or asymmetrical dimethylarginine modifications, or no dimethylarginine at all?",(A) No dimethylarginine|(B) Asymmetrical dimethylarginine modifications|(C) Insufficient information to answer the question|(D) Symmetrical dimethylarginine modifications,A,C,https://doi.org/10.1261/rna.034181.112,No dimethylarginine,Symmetrical dimethylarginine modifications|Asymmetrical dimethylarginine modifications
Engineering of which human skin bacteria can stimulate T-cells specific for non-native epitopes?,(A) Insufficient information to answer the question|(B) S. epidermis|(C) staphylococcus aureus|(D) cultibarium acnes,B,A,https://doi.org/10.1126/science.abp9563,S. epidermis,cultibarium acnes|staphylococcus aureus
Expression of human mu-opioid receptor (HsMOR) with an N-terminal yeast αPrePro sequence has what effect on yeast cell phenotype?,(A) Cell death|(B) Enlarged granular cells|(C) Depleted ER membranes|(D) Insufficient information to answer the question|(E) Diffuse localization of HsMOR-GFP,B,D,https://doi.org/10.1038/s41467-022-30570-7,Enlarged granular cells,Depleted ER membranes|Diffuse localization of HsMOR-GFP|Cell death
"For the channelrhodopsin found in Hyphochytrium catenoides (HcKCR1), the homology based structure predicted by ColabFold has a poor prediction for which one of the following transmembrane helices out of the 7 seven transmembrane helices in the structure ?",(A) TM6|(B) TM3|(C) TM7|(D) Insufficient information to answer the question|(E) TM1,B,D,https://doi.org/10.1038/s41467-023-40041-2,TM3,TM1|TM7|TM6
For which of the following genes does regulation occur in the coding sequence?,(A) petA|(B) gp02|(C) cyaA|(D) rpoS|(E) Insufficient information to answer the question,B,E,https://doi.org/10.1016/j.chom.2024.03.010,gp02,rpoS|cyaA|petA
Formation of a mycobacterial repressor DarR dimer results in how much of the surface being buried from the solvent?,(A) 100 anstrom^2|(B) 13000 anstrom^2|(C) Insufficient information to answer the question|(D) 300 anstrom^2|(E) 1300 anstrom^2,E,C,https://doi.org/10.1038/s41467-023-42823-0,1300 anstrom^2,300 anstrom^2|100 anstrom^2|13000 anstrom^2
Grafting ECL3 region from adenosine A3 receptor A3AR onto A2AAR does what to the efficacy of binding to the A3AR antagonist CF101 ?,(A) increases|(B) Insufficient information to answer the question|(C) greatly decreases|(D) no change|(E) decreases,A,B,https://doi.org/10.1038/s41467-024-47207-6,increases,no change|decreases|greatly decreases
Has anyone assessed doing tagmentation of cDNA directly in the PCR mix without cleaning and quantifying the cDNA first?,(A) Yes|(B) Insufficient information to answer the question|(C) No,A,B,https://doi.org/10.1101/2021.07.10.451889,Yes,No
Has anyone performed a base editing screen against splice sites in CD33 before?,(A) Yes|(B) No|(C) Insufficient information to answer the question,A,C,https://doi.org/10.1016/j.cell.2023.03.035,Yes,No
How diffuse are the laminar patterns of the axonal terminations of lower Layer 5/Layer 6 intratelencephalic neurons compared to Layer 2-4 intratelencephalic neurons in mouse cortex?,(A) Insufficient information to answer the question|(B) Less diffuse|(C) About the same|(D) More diffuse,D,A,https://doi.org/10.1101/2023.02.18.528865,More diffuse,About the same|Less diffuse
How do microstimulations in the subgenual anterior cingulate cortex of monkeys in a prior experiment affect decision-making in later decision-making experiments?,(A) They maintain a positive bias|(B) They speed up decision making|(C) They introduce a late-onset negative bias|(D) They maintain a negative bias|(E) They have no effect on decision-making in later experiments|(F) They introduce a late-onset positive bias|(G) They slow decision making|(H) Insufficient information to answer the question,D,H,https://doi.org/10.1038/s41467-024-48375-1,They maintain a negative bias,They maintain a positive bias|They have no effect on decision-making in later experiments|They slow decision making|They speed up decision making|They introduce a late-onset negative bias|They introduce a late-onset positive bias
How do the human SNVs French 2 and Indian 2 affect the affinity of the transcription factor ETS-1 to DNA?,(A) decrease|(B) large increase|(C) no change|(D) subtle increase|(E) Insufficient information to answer the question,D,E,https://doi.org/10.1038/s41586-023-06922-8,subtle increase,large increase|no change|decrease
How does P. falciparum gene expression change with aging for male and female organisms?,(A) Gene expression decreases as P. falciparum ages for both males and females with aging.|(B) Insufficient information to answer the question|(C) Gene expression decreases for P. falciparum males and increases for females with aging.|(D) Gene expression increases for P. falciparum males and decreases for females with aging.|(E) Gene expression increases as P. falciparum ages for both males and females with aging.,A,B,https://doi.org/10.1126/science.adj4088,Gene expression decreases as P. falciparum ages for both males and females with aging.,Gene expression increases as P. falciparum ages for both males and females with aging.|Gene expression increases for P. falciparum males and decreases for females with aging.|Gene expression decreases for P. falciparum males and increases for females with aging.
How does knocking out DNA methyltransferase in neurons affect repeat-derived RNA expression?,(A) stays the same|(B) mild increase|(C) strong increase|(D) Insufficient information to answer the question|(E) strong decrease|(F) mild decrease,C,D,https://doi.org/10.1038/s41588-022-01241-6,strong increase,mild increase|stays the same|mild decrease|strong decrease
How does pexmetinib change the rate of threonine dephosphorylation by WIP1 phosphatase?,(A) Does not change the rate of dephosphorylation|(B) Increases dephosphorylation|(C) Decreases dephosphorylation|(D) Insufficient information to answer the question|(E) Pexmetinib does not affect WIP1 phosphatase activity,B,D,https://doi.org/10.1101/2024.05.15.594272,Increases dephosphorylation,Decreases dephosphorylation|Does not change the rate of dephosphorylation|Pexmetinib does not affect WIP1 phosphatase activity
How does the chromatin occupancy of rTetR-VP48 change when you inhibit the cofactor P300?,(A) increases|(B) decreases|(C) no change|(D) Insufficient information to answer the question,C,D,https://doi.org/10.1101/2024.02.02.578660,no change,increases|decreases
How is Bempegaldesleukin supposed to overcome Treg affinity for IL-2?,(A) Preferentially binding to b2b3 complex over b1b2b3 complex|(B) Tumor microenvironment targeting and checkpoint immune inhibition|(C) Overcome the Treg affinity for IL-2 by selectively depleting intratumoral Tregs|(D) Improve PK via PEGylation|(E) Insufficient information to answer the question,A,E,https://doi.org/10.1080/14712598.2019.1685489,Preferentially binding to b2b3 complex over b1b2b3 complex,Improve PK via PEGylation|Overcome the Treg affinity for IL-2 by selectively depleting intratumoral Tregs|Tumor microenvironment targeting and checkpoint immune inhibition
How large was the panel of fluoroquinone-resistant clinical E.coli samples that was used to evaluate the SNIPR001 phage therapy?,(A) 246|(B) 45|(C) 72|(D) Insufficient information to answer the question|(E) 115|(F) 12|(G) 169|(H) 382,C,D,https://doi.org/10.1038/s41587-023-01759-y,72,12|45|115|169|246|382
How long do mouse neurons survive following CRISPR inactivation of HSPA5?,(A) 5 days|(B) Insufficient information to answer the question|(C) 14 days|(D) 3 days|(E) 10 days|(F) 28 days,C,B,https://doi.org/10.1101/2023.06.13.544831,14 days,3 days|5 days|10 days|28 days
How many FMD cycles are the minimum required to cause a significant delay in the growth of melanoma tumors in mice?,(A) 12|(B) 30|(C) 2|(D) Insufficient information to answer the question|(E) 3,C,D,https://doi.org/10.1038/s41467-023-41066-3,2,3|12|30
How many Gly-X-Y repeats are in the collagenous domain of the diponectin paralog encoded by C1QTNF1 in mice?,(A) 34|(B) 24|(C) 14|(D) 4|(E) 2|(F) Insufficient information to answer the question|(G) 15,C,F,https://doi.org/10.1073/pnas.0403760101,14,2|4|15|24|34
How many clades of adenosine deaminases are there when grouped according to structure-based clustering?,(A) 3|(B) 4|(C) 2|(D) 1|(E) Insufficient information to answer the question|(F) 5,D,E,https://doi.org/10.1101/2023.05.21.541555|https://doi.org/10.1016/j.cell.2023.05.041,1,2|3|4|5
How many differential H3K27Ac peaks are there between queen and worker honeybees?,(A) 2165|(B) 1000|(C) 3601|(D) Insufficient information to answer the question|(E) 243,C,D,https://doi.org/10.1016/j.isci.2023.106308,3601,1000|2165|243
How many distinct sites contain TnG-repeat-like elements in the human genome ?,(A) 16418|(B) Insufficient information to answer the question|(C) 18164|(D) 5517|(E) 46574,C,B,https://doi.org/10.1038/s41586-023-06793-z,18164,5517|46574|16418
"How many genes show changes in 5mC methylation of their promoter regions in Alzheimer's patients at Braak stages V/VI, compared to control?",(A) 7852|(B) 1333|(C) 20352|(D) 19638|(E) 5765|(F) 7072|(G) Insufficient information to answer the question,E,G,https://doi.org/10.1101/2024.02.01.578450,5765,19638|7852|20352|7072|1333
How many phosphorylation sites see significant regulation in murine brown adipocytes when treated with forskolin?,(A) Insufficient information to answer the question|(B) 2535|(C) 7875|(D) 38451|(E) 1792|(F) 8613,C,A,https://doi.org/10.1038/s41586-022-05041-0,7875,8613|38451|2535|1792
How many putative G4-forming sequences are located within the human gene TMPRSS2?,(A) 72|(B) 24|(C) 80|(D) Insufficient information to answer the question|(E) 48|(F) 20|(G) 65|(H) 50|(I) 37,C,D,https://doi.org/10.1186/s12915-023-01805-w,80,20|24|48|72|50|37|65
"How much more sensitive to desiccation is a katE mutant strain of Acinetobacter baumanii, relative to wild-type?",(A) 5-fold|(B) Insufficient information to answer the question|(C) 50-fold|(D) 6-fold|(E) 4-fold|(F) 2-fold,A,B,https://doi.org/10.1128/jb.00479-21,5-fold,6-fold|4-fold|50-fold|2-fold
How much of the LIMK PDZ domain is identical in human LIMK1 and human LIMK2 ?,(A) 81|(B) 47|(C) 94|(D) 74|(E) Insufficient information to answer the question,B,E,https://doi.org/10.1038/s41467-023-44148-4,47,81|94|74
"How much tighter, in kcal/mol, do the transcription factors Pho4 and Max bind to their DNA motifs when the motifs are surrounded by short tandem repeats?",(A) 1.1-1.2|(B) 0.1-0.15|(C) 0.8-1|(D) Insufficient information to answer the question|(E) 0.23-0.9,E,D,https://doi.org/10.1126/science.add1250,0.23-0.9,0.1-0.15|1.1-1.2|0.8-1
How similar is the full length Vibrio cholerae RfaH to E. coli RfaH transcription protein ?,(A) 43.6|(B) 52.1|(C) 45.6%|(D) Insufficient information to answer the question|(E) 35.8%,A,D,https://doi.org/10.7554/eLife.76630,43.6,52.1|35.8%|45.6%
"I am designing peptide-guided LNPs for delivery to the retina, and am using PEG-maleimide to attach peptides to the the surface of the LNP. What fraction of the total PEG replaced with PEG-Maleimide would show no transfection?",(A) Above 40%|(B) Insufficient information to answer the question|(C) Above 20%|(D) Above 10%|(E) Above 60%,A,B,https://doi.org/10.1126/sciadv.add4623,Above 40%,Above 10%|Above 20%|Above 60%
"I am using bleomycin to induce senescence in fibroblasts cultured. If I culture the cells on a 0.5 KPa surface, like soft acrylamide, how much bleomycin do I need to inhibit cell growth, compared to if I culture the cells on plastic?",(A) You need the same amount|(B) You need 10x less|(C) You need 100x less|(D) You need 100x more|(E) Insufficient information to answer the question|(F) You need 10x more,B,E,https://doi.org/10.1101/2024.02.06.579151,You need 10x less,You need 100x less|You need the same amount|You need 10x more|You need 100x more
"If implementing symmetric molecular dynamics as a holonomic constraint, how can Wyckoff sites be constrained?",(A) Bravais Lattice projection tensors|(B) Integrating the generalized coordinates|(C) Insufficient information to answer the question|(D) Symmetry restraints|(E) Wycoff sites can be constrained via the perturbation-variational expansion theorem|(F) Lagrange multiplier constraints,F,C,https://doi.org/10.1021/acs.jctc.2c00401,Lagrange multiplier constraints,Integrating the generalized coordinates|Bravais Lattice projection tensors|Symmetry restraints|Wycoff sites can be constrained via the perturbation-variational expansion theorem
"In 5XFAD mice, what effect does microglia-specific Ifnar1 deletion have on post-synaptic terminals?",(A) Insufficient information to answer the question|(B) attenuation of loss|(C) increased loss|(D) no effect|(E) increased synaptophysin+ density,B,A,https://doi.org/10.1016/j.immuni.2022.03.018,attenuation of loss,increased synaptophysin+ density|increased loss|no effect
"In 5XFAD mice, what effect does neural Ifnar1 deletion have on pre-synaptic terminals?",(A) no effect|(B) increased loss|(C) Insufficient information to answer the question|(D) restoration|(E) attenuation of loss,D,C,https://doi.org/10.1016/j.immuni.2022.03.018,restoration,attenuation of loss|increased loss|no effect
"In Arabidopsis, which of the following 20 S proteasome subunits has CWC15 not been shown to interact with in its role promoting degradation of the protein Serrate?",(A) PBA1|(B) PBE1|(C) PAG1|(D) PAB1|(E) Insufficient information to answer the question,B,E,https://doi.org/10.1038/s41467-024-46676-z,PBE1,PAB1|PAG1|PBA1
"In a short peptide obtained from the C-termini of a human protein sequence, presence of Serine at which one of the following positions in the sequence is predicted to favor degradation according to the degron index ?",(A) -1|(B) -7|(C) -5|(D) -3|(E) -2|(F) Insufficient information to answer the question|(G) -9,D,F,https://doi.org/10.1101/2023.08.22.554289,-3,-1|-2|-5|-7|-9
"In human development, what portion of the early embryo most often displays a clonal imbalance, being derived primarily from a single cell of the 2-cell blastomeres?",(A) Trophectoderm|(B) Yolk sack|(C) Inner cell mass|(D) Insufficient information to answer the question|(E) Placenta,C,D,https://doi.org/10.1016/j.cell.2024.04.029,Inner cell mass,Trophectoderm|Placenta|Yolk sack
"In human fibroblasts, how long should ERK activation be maintained such that senescence commitment is triggered even if ERK signaling is brought back to baseline levels at the end of the activation period?",(A) 1-2 days|(B) Insufficient information to answer the question|(C) 3-4 days|(D) 5-6 days|(E) 7-8 days,C,B,https://doi.org/10.1016/j.celrep.2024.114044,3-4 days,1-2 days|5-6 days|7-8 days
"In lung adenocarcinoma, which of the following cancer immune phenotypes is positively associated with STK11 mutation?",(A) CD8+/IGNF +|(B) Insufficient information to answer the question|(C) CD8-/IGNF -|(D) Fibroblast/TGFβ|(E) CD8- / IGNF+|(F) CD8+/IGNF -|(G) Eosinophils/endothelial,E,B,https://doi.org/10.1016/j.cell.2024.01.027,CD8- / IGNF+,CD8-/IGNF -|CD8+/IGNF -|CD8+/IGNF +|Eosinophils/endothelial|Fibroblast/TGFβ
"In mice with a homozygous knock-in MIRAS allele of mitochondrial DNA polymerase gamma, what decrease in rotarod performance is observed at 12 months of age?",(A) 30%|(B) Insufficient information to answer the question|(C) 15%|(D) 40%|(E) 25%|(F) 10%|(G) 20%,A,B,https://doi.org/10.1038/s41586-024-07260-z,30%,10%|15%|20%|25%|40%
"In pre-commitment myeloid progenitor cells, for how many hours can estrogen be withdrawn before the cells can no longer return to their progenitor state?",(A) 40 hours|(B) Insufficient information to answer the question|(C) 24 hours|(D) 96 hours|(E) 72 hours,E,B,https://doi.org/10.1016/j.celrep.2021.109967|https://doi.org/10.1101/2021.05.12.443709,72 hours,24 hours|40 hours|96 hours
"In the ARPLA method for detecting surface glycoRNAs, what glycan does the aptamer bind?",(A) Neu5Gc|(B) Insufficient information to answer the question|(C) Neu5Ac|(D) GalNAc|(E) ManNAc,C,B,https://doi.org/10.1038/s41587-023-01801-z,Neu5Ac,GalNAc|ManNAc|Neu5Gc
"In the Ingraham 2022 protein design paper, how did they force the protein complexes to be symmetric with respect to a specific space group?",(A) Rosetta's symmetric docking protocol|(B) symmetric sampling of the SDE/ODE (analytical conditioning)|(C) Insufficient information to answer the question|(D) Bayesian inference with random GNNs|(E) Classifier-Free Diffusion Guidance|(F) conditioning diffusion model with VAE,B,C,https://doi.org/10.1038/s41586-023-06728-8|https://doi.org/10.1101/2022.12.01.518682,symmetric sampling of the SDE/ODE (analytical conditioning),Rosetta's symmetric docking protocol|Bayesian inference with random GNNs|Classifier-Free Diffusion Guidance|conditioning diffusion model with VAE
"In the LungMAP Human Lung CellRef, how many cell types are identified in a normal human lung?",(A) 48|(B) 104|(C) 8080|(D) Insufficient information to answer the question|(E) 38,A,D,https://doi.org/10.1038/s41467-023-40173-5,48,104|8080|38
In which cellular processes is human HNRNPCL2 involved with?,(A) nucleosome assembly|(B) transcription regulation|(C) DNA replication and repair|(D) null|(E) Insufficient information to answer the question|(F) protein degradation,D,E,https://doi.org/10.2147/CMAR.S262421,null,protein degradation|DNA replication and repair|transcription regulation|nucleosome assembly
"In zebrafish embryos with homozygous leukolysin knockout, defects in angiogenesis can be rescued by inactivating which collagen allele?",(A) col4a1|(B) col4a5|(C) Insufficient information to answer the question|(D) col4a4|(E) col4a2|(F) col4a3,B,C,https://doi.org/10.1038/s41586-024-07283-6,col4a5,col4a1|col4a2|col4a3|col4a4
Inactivation of genes involved in which of the following complexes or pathways does NOT result in resistance to colchicine in HAP1 cells?,(A) SAGA H3 acetylation|(B) SIN3 histone deacetylation|(C) Insufficient information to answer the question|(D) Fanconi Anemia complex|(E) TP53 signalling,B,C,https://doi.org/10.1101/2024.03.18.585604,SIN3 histone deacetylation,Fanconi Anemia complex|TP53 signalling|SAGA H3 acetylation
Induction of a gliogenic switch via addition of PDGF-AA via neuroectoderm specification results in which of the following?,(A) decelerated astrogliogenesis and lower neurogenic potential|(B) accelerated astrogliogenesis and lower neurogenic potential|(C) accelerated astrogliogenesis and higher neurogenic potential|(D) decelerated astrogliogenesis and higher neurogenic potential|(E) accelerated astrogliogenesis and normal neurogenic potential|(F) Insufficient information to answer the question,E,F,https://doi.org/10.1038/s41587-024-02157-8,accelerated astrogliogenesis and normal neurogenic potential,accelerated astrogliogenesis and lower neurogenic potential|accelerated astrogliogenesis and higher neurogenic potential|decelerated astrogliogenesis and lower neurogenic potential|decelerated astrogliogenesis and higher neurogenic potential
Is doublecortin a unique marker of newly generated granule cells in the hippocampus?,(A) Insufficient information to answer the question|(B) No|(C) Yes,B,A,https://doi.org/10.1016/j.neuron.2021.10.036,No,Yes
Knockdown of which long noncoding RNA by the Wolbachia prophage protein CifA has been shown to promote the process of cytoplasmic incompatibility during emryogenesis?,(A) Insufficient information to answer the question|(B) CR18854 lncRNA|(C) ASTR lncRNA|(D) AAGAG lncRNA|(E) 7SK lncRNA,D,A,https://doi.org/10.1126/science.adk9469,AAGAG lncRNA,7SK lncRNA|ASTR lncRNA|CR18854 lncRNA
"Neonatal male mice injected with NIF, a glycoprotein produced by a canine hookworm, show a significant reduction in microglial phagocytic capacity and engulfment of which neurotransmitter transporter?",(A) Insufficient information to answer the question|(B) VGlut1|(C) GAT1|(D) VGlut2|(E) VGlut3|(F) GAT2|(G) GAT3,D,A,https://doi.org/10.1016/j.celrep.2022.111161,VGlut2,VGlut1|VGlut3|GAT1|GAT2|GAT3
On which chromosome is the causative mutation of the snog1a mutant of Physcomitrium patens located?,(A) Chromosome 11|(B) Insufficient information to answer the question|(C) Chromosome 14|(D) Chromosome 9|(E) Chromosome 7|(F) Chromosome 8,F,B,https://doi.org/10.1101/2024.04.08.588603,Chromosome 8,Chromosome 7|Chromosome 9|Chromosome 11|Chromosome 14
Optogenetic inactivation of BNST AVP cells in mice leads to what kind of change in social communicative behaviors?,(A) Decreased level of ultrasonic sounds|(B) Increased level of urine marking|(C) Insufficient information to answer the question|(D) No difference in social communicative behaviors|(E) Decrease in social communicative behaviors only in male mice,D,C,https://doi.org/10.1073/pnas.2319641121,No difference in social communicative behaviors,Increased level of urine marking|Decreased level of ultrasonic sounds|Decrease in social communicative behaviors only in male mice
"Out of all candidate proteasome substrates tested for degradation by the 20S proteasome, approximately what number of substrates undergo cleavage at both the N and C termini as opposed to just one or the other?",(A) 327|(B) Insufficient information to answer the question|(C) 240|(D) 70|(E) 87,D,B,https://doi.org/10.1038/s44320-024-00015-y,70,240|327|87
Relative abundance of which molecule(s) in reactive astrocytes is associated with the decline of NAD+ levels following TNFα treatment?,(A) NADH|(B) GFAP|(C) CD38|(D) 78c|(E) Insufficient information to answer the question|(F) CD38 + 78c,C,E,https://doi.org/10.1038/s41587-024-02157-8,CD38,GFAP|NADH|78c|CD38 + 78c
"Relative to the common S288C strain of yeast, the Wyeast 3068 brewing strain has several deleted genes that are enriched for what functions?",(A) Insufficient information to answer the question|(B) Flocculation|(C) Arginine catabolism|(D) Fermentation|(E) Gluconeogenesis,B,A,https://doi.org/10.1093/g3journal/jkad293,Flocculation,Arginine catabolism|Gluconeogenesis|Fermentation
"Relative to wild type zebrafish embryos, those with Kif9 knocked down display what ciliary phenotype?",(A) Insufficient information to answer the question|(B) Increased beat frequency|(C) Wider cilia|(D) Shorter cilia|(E) More cilia,D,A,https://doi.org/10.1242/jcs.259535,Shorter cilia,Increased beat frequency|Wider cilia|More cilia
Removal of the sialic acid moieties from the T-cell surfaces does what to the binding of Sialic acid-binding Ig-like lectin 15 to human T-cells?,(A) no change|(B) moderately increases|(C) decreases|(D) Insufficient information to answer the question|(E) increases,C,D,https://doi.org/10.1038/s41467-023-39119-8,decreases,increases|no change|moderately increases
SLC14A1 been identified as a specific marker for endothelial cells in which organ?,(A) eye|(B) Insufficient information to answer the question|(C) prostate|(D) liver|(E) heart,E,B,https://doi.org/10.1126/science.abl4896,heart,liver|eye|prostate
The HERMES nuclease Acanthamoeba polyphaga (ApmHNuc) has a mutation in the canonical glutamate residue in its RuvC-II domain. Which residue compensates for that loss?,"(A) None, the mutation is not compensated|(B) Insufficient information to answer the question|(C) D324|(D) E467|(E) E323",D,B,https://doi.org/10.1126/sciadv.adk0171,E467,"D324|E323|None, the mutation is not compensated"
The NCAN-ELS domain has been shown to interact with what percent of inhibitory synapses?,(A) 40%|(B) Insufficient information to answer the question|(C) 0%|(D) 75%|(E) 57%,D,B,https://doi.org/10.1016/j.neuron.2024.03.007,75%,40%|0%|57%
The average speed of cicada urine jets is contained within which range?,(A) 10-20m/s|(B) 6-574m/s|(C) 0.6-3.16m/s|(D) Insufficient information to answer the question|(E) 300-600m/s,C,D,https://doi.org/10.1073/pnas.2317878121,0.6-3.16m/s,6-574m/s|10-20m/s|300-600m/s
The cavity above p-hydroxybenzylidene moiety of the chromophore found in mSandy2 is filled by which one of the following rotamers adopted by Leucine found at position 63?,(A) pt|(B) tp|(C) mp|(D) Insufficient information to answer the question|(E) tt,C,D,https://doi.org/10.1039/D1SC05088E,mp,pt|tt|tp
"The gene EEF2 has introns 1 and 2, do they splice in a specific order?",(A) no|(B) yes|(C) Insufficient information to answer the question,A,C,https://doi.org/10.7554/eLife.91357.3,no,yes
The human proteasome core subunit α6 can functionally replace a knockout of it's yeast ortholog when co-expressed with which other human proteasome subunit?,(A) Insufficient information to answer the question|(B) Hs α7|(C) Hs α9|(D) Hs α1|(E) Sc α2,B,A,https://doi.org/10.1016/j.crmeth.2023.100464,Hs α7,Hs α9|Hs α1|Sc α2
The reemergence of prenatal cellular programs is mediated by Mac2 macrophages via which chemokine CXCL8 interacting with which venular capillary marker on VE3 vascular endothelial cells in diseased skin?,(A) IL6|(B) Insufficient information to answer the question|(C) IL33|(D) SELE|(E) ICAM1|(F) ACKR1,F,B,https://doi.org/10.1126/science.aba6500,ACKR1,IL6|IL33|SELE|ICAM1
There are putative ETS transcription factor binding sites in the FoxF enhancer. What range of affinity do they have when compared to the 8-mer with the highest affinity for ETS?,(A) 0.1-0.4|(B) 0.34-0.52|(C) 0.1-0.3|(D) 0.09-0.24|(E) Insufficient information to answer the question,D,E,https://doi.org/10.1016/j.devcel.2023.09.005,0.09-0.24,0.1-0.3|0.1-0.4|0.34-0.52
To which segment of the UNC5B-AS1 upstream super enhancer region does FOXP3 bind?,(A) Insufficient information to answer the question|(B) Domain between E1 and E2|(C) E2|(D) E1|(E) E3,C,A,https://doi.org/10.1101/2024.05.07.593065,E2,E1|Domain between E1 and E2|E3
Upregulation of which of the following was most associated with the Relapse signature in prostate cancer?,(A) CCL20|(B) CXCL3|(C) CXCL6|(D) CXCL1|(E) CXCL17|(F) Insufficient information to answer the question,E,F,https://doi.org/10.1101/2024.05.13.593822,CXCL17,CXCL1|CXCL3|CXCL6|CCL20
What cellular feature displays the greatest difference in morphology between apoptotic and control cells as measured by Cell Painting assays?,(A) Insufficient information to answer the question|(B) Golgi|(C) mitochondria|(D) ER|(E) cell membrane,C,A,https://doi.org/10.1101/2024.04.26.591386,mitochondria,Golgi|ER|cell membrane
What effect does a F200Y mutation in fungal β-tubulin have on binding of the anti-fungal drug thiabendazole?,(A) No effect|(B) Insufficient information to answer the question|(C) Enhances binding|(D) Disrupts binding,D,B,https://doi.org/10.1093/genetics/iyab101,Disrupts binding,No effect|Enhances binding
What effect does bone marrow stromal cell-conditioned media have on the expression of the CD8a receptor in cultured OT-1 T cells?,(A) No effect|(B) Insufficient information to answer the question|(C) Decrease|(D) Increase,A,B,https://doi.org/10.1101/2024.01.31.578101,No effect,Increase|Decrease
What effect does expression of the ATPase-deficient E251Q mutant of the Spindle E protein in silkworm cells have on the levels of the mature piwiRNAs piR1712 and piR2986?,(A) Increase|(B) Insufficient information to answer the question|(C) Decrease|(D) no effect,C,B,https://doi.org/10.1101/2023.12.19.572360,Decrease,Increase|no effect
What effect does infection of A. thaliana plants with avrE single knockout Pst DC3000 have on NCED3 expression?,(A) Reduced expression|(B) No effect|(C) Increased expression|(D) Insufficient information to answer the question,C,D,https://doi.org/10.1016/j.chom.2022.02.006,Increased expression,Reduced expression|No effect
What effect does infection of A. thaliana plants with avrE/hopM1 double knockout Pst DC3000 have on NCED3 expression?,(A) no effect|(B) reduced expression|(C) Increased expression|(D) Insufficient information to answer the question,A,D,https://doi.org/10.1016/j.chom.2022.02.006,no effect,Increased expression|reduced expression
What effect does infection of A. thaliana plants with hopM1 knockout Pst DC3000 have on NCED3 expression?,(A) Insufficient information to answer the question|(B) Reduced expression|(C) No effect|(D) Increased expression,D,A,https://doi.org/10.1016/j.chom.2022.02.006,Increased expression,Reduced expression|No effect
What effect does optogenetic inhibition of DAVTA fibers in the basolateral amygdala have on REM sleep amount?,(A) increase|(B) Insufficient information to answer the question|(C) no effect|(D) decrease,D,B,https://doi.org/10.1126/science.abl6618,decrease,increase|no effect
What effect does prenatal maternal stress and diesel exhaust particle exposure have on the functional heterogeneity of microglia in male mice?,(A) Insufficient information to answer the question|(B) increased heterogeneity|(C) reduced heterogeneity|(D) no effect,B,A,https://doi.org/10.1016/j.celrep.2022.111161,increased heterogeneity,reduced heterogeneity|no effect
What fraction of bipolar interneuron axons target other interneurons in the human temporal and frontal cortex?,(A) 88%|(B) 72%|(C) 56%|(D) 28%|(E) Insufficient information to answer the question,B,E,https://doi.org/10.1126/science.abo0924,72%,56%|28%|88%
What fraction of dopaminergic neurons in the mushroom body receive input from all sensory modalities?,(A) 100%|(B) 51%|(C) 5%|(D) 33%|(E) Insufficient information to answer the question|(F) 23%|(G) 72%,A,E,https://doi.org/10.1126/science.add9330,100%,5%|23%|33%|51%|72%
What fraction of octopaminergic neurons in the mushroom body receive input from all sensory modalities?,(A) 5%|(B) 51%|(C) 100%|(D) 23%|(E) Insufficient information to answer the question|(F) 72%|(G) 33%,G,E,https://doi.org/10.1126/science.add9330,33%,5%|23%|51%|72%|100%
What fraction of transcription factor isoforms can significantly alter pseudotime upon overexpression in hESC differentiation?,(A) 65%|(B) Insufficient information to answer the question|(C) 20%|(D) 27%|(E) 43%,C,B,https://doi.org/10.1016/j.cell.2022.11.026,20%,27%|43%|65%
What geographical-based Iranian cannabis populations have the greatest genetic differentiation parameter (FST)?,(A) Northeast to west: northwest|(B) East and southeast: northeast|(C) East and southeast|(D) South to northeast|(E) Insufficient information to answer the question,B,E,https://doi.org/10.1101/2024.05.07.593022,East and southeast: northeast,East and southeast|Northeast to west: northwest|South to northeast
What is the absolute percent difference in body fat mass loss between obese mice treated with GLP-1-MK-801 and GLP-1 for two week periods?,(A) Insufficient information to answer the question|(B) 4%|(C) 8%|(D) 45%|(E) 22%|(F) 23%,F,A,https://doi.org/10.1038/s41586-024-07419-8,23%,45%|22%|8%|4%
What is the affinity constant of Medicago truncatula MtNCC1 binding to Cu+?,(A) 15 pM-1|(B) 2.45 pM-1|(C) Insufficient information to answer the question|(D) 237 pM-1|(E) 1.19 pM-1,B,C,https://doi.org/10.1111/nph.19360,2.45 pM-1,15 pM-1|237 pM-1|1.19 pM-1
What is the approximate length of the stalk portion of the S. coelicolor Umbrella complex structure?,(A) 350 Å|(B) 300 Å|(C) 200 Å|(D) Insufficient information to answer the question|(E) 30 Å|(F) 250 Å,B,D,https://doi.org/10.1038/s41586-024-07298-z,300 Å,250 Å|30 Å|350 Å|200 Å
What is the contact probability of active promoters with the nearest topologically associated domain (TAD) in mouse embryonic stem cells (mESCs)?,(A) between 0.3 and 0.4|(B) Insufficient information to answer the question|(C) between 0 and 0.3|(D) between 0.45 and 0.6|(E) greater than 0.7,C,B,https://doi.org/10.1038/s41586-022-04570-y,between 0 and 0.3,between 0.3 and 0.4|between 0.45 and 0.6|greater than 0.7
What is the cytoplasm biovolume of 4.27-mm Ca. T. magnifica cell ?,(A) 2.91 x 10^-12 m3|(B) 5.91 x 10-12 m3|(C) 1.39 x 10^-12 m3|(D) 3.56 x 10^-12 m3|(E) Insufficient information to answer the question,B,E,https://doi.org/10.1126/science.abb3634,5.91 x 10-12 m3,2.91 x 10^-12 m3|3.56 x 10^-12 m3|1.39 x 10^-12 m3
What is the effect of Pkdh1 expression after knockout of the Ift122 gene in Tetrahymena?,(A) No change|(B) Large decrease|(C) Large increase|(D) Insufficient information to answer the question|(E) Modest increase|(F) Modest decrease,B,D,https://doi.org/10.1091/mbc.E23-03-0084,Large decrease,No change|Large increase|Modest increase|Modest decrease
What is the effect of elevated Rpn14 levels on turnover of phophorylated αsyn in yeast?,(A) Promotion|(B) No effect|(C) Inhibition|(D) Insufficient information to answer the question,C,D,https://doi.org/10.1111/acel.14128,Inhibition,No effect|Promotion
What is the effect on KRAB domain function when it is concatenated with a domain that is poorly expressed?,(A) increases function|(B) no change in function|(C) eliminates function|(D) Insufficient information to answer the question,C,D,https://doi.org/10.1101/2022.12.20.521091,eliminates function,increases function|no change in function
What is the effect on firing rate of parvalbumin-expressing interneurons in the barrel cortex of adult mice when the SMAD1 is deleted?,(A) No discernable change|(B) Moderately decreased|(C) Greatly increased|(D) Moderately increased|(E) Insufficient information to answer the question|(F) Greatly reduced,F,E,https://doi.org/10.1038/s41586-024-07317-z,Greatly reduced,Greatly increased|Moderately increased|Moderately decreased|No discernable change
What is the function of the PITPNM1 gene in healthy mammalian neural stem cells?,(A) null|(B) maintenance of a TGN/endosomal PtdIns4P pool|(C) Insufficient information to answer the question|(D) recruiting GOLPH3 to the cell membrane|(E) neuroblast regulation,A,C,https://doi.org/10.1016/j.jbior.2020.100740,null,maintenance of a TGN/endosomal PtdIns4P pool|neuroblast regulation|recruiting GOLPH3 to the cell membrane
What is the measured dissociation constant for the Wnt5b-Ror2 complex in cytonemes of zebrafish?,(A) Between 113-276 nM|(B) Insufficient information to answer the question|(C) Between 311-476 uM|(D) Between 476-511 nM|(E) Between 301-475 nM|(F) Between 311-476 nM,F,B,https://doi.org/10.1038/s41586-023-06850-7,Between 311-476 nM,Between 311-476 uM|Between 476-511 nM|Between 301-475 nM|Between 113-276 nM
What is the mechanism for expression of the EPRS1(N1) form of EPRS1 in humans?,(A) alternative splicing|(B) post-transcriptional control|(C) Insufficient information to answer the question|(D) polyadenylation,D,C,https://doi.org/10.1038/s12276-023-01094-x,polyadenylation,alternative splicing|post-transcriptional control
What is the net rate of 3D imaging for time-lapse continuous data generated by 2pSAM (Two-photon Synthetic Aperture Microscopy)?,(A) 5.4 volume/s|(B) Insufficient information to answer the question|(C) 30 volume/s|(D) 2.3 volume/s|(E) 16 volume/s,C,B,https://doi.org/10.1016/j.cell.2023.04.016,30 volume/s,5.4 volume/s|2.3 volume/s|16 volume/s
What is the optimal GDP-binding temperature for the EF-1A protein from Asgard class Wukongarchaeia in degrees celsius?,(A) 63.2|(B) Insufficient information to answer the question|(C) 40.0|(D) 49.5|(E) 30.3|(F) 57.2,A,B,https://doi.org/10.1038/s41467-024-44806-1,63.2,40.0|57.2|30.3|49.5
"What is the relative length of the phylloxera X-chromosome when compared to the other, autosomal, chromosomes?",(A) Second longest|(B) Longest|(C) Insufficient information to answer the question|(D) Shortest|(E) Third longest|(F) Second shortest,A,C,https://doi.org/10.1093/molbev/msad271,Second longest,Third longest|Longest|Second shortest|Shortest
What is the role of the N-terminal α1-helical extension in the PF03500 protein family?,(A) α1-driven dimerization.|(B) Fishhook-like dimerization.|(C) Formation of D2-symmetric|(D) tetrahedron-like tetramers.|(E) Insufficient information to answer the question|(F) Formation of a beads-on-a-string filamentous architecture.,A,E,https://doi.org/10.1016/j.cub.2023.11.057,α1-driven dimerization.,Fishhook-like dimerization.|Formation of D2-symmetric|tetrahedron-like tetramers.|Formation of a beads-on-a-string filamentous architecture.
What is the size of the pocket formed by CDRs between the light and heavy chains of the recombinant antibody P1A4 recognizes K-Ras(G12C)-derived peptides modifiednby the investigational inhibitor ARS1620 ?,(A) 12 Å|(B) Insufficient information to answer the question|(C) 6 Å|(D) 21 Å|(E) 2 Å,A,B,https://doi.org/10.1016/j.ccell.2022.07.005,12 Å,2 Å|6 Å|21 Å
What is the source of the non-specific effect observed for jAspSnFR3.mRuby3?,(A) Insufficient information to answer the question|(B) High pH sensitivity leading to decreased specificity.|(C) Interaction of amino acids with the N-terminal histidine tag|(D) Interaction of amino acids with the C-terminal histidine tag|(E) Interaction of amino acids with the the T203Y pi-stacking mutation in the GYG triad.,D,A,https://doi.org/10.7554/eLife.90024,Interaction of amino acids with the C-terminal histidine tag,Interaction of amino acids with the N-terminal histidine tag|Interaction of amino acids with the the T203Y pi-stacking mutation in the GYG triad.|High pH sensitivity leading to decreased specificity.
What is the structural change in the protein conformational ensemble from the A456V mutation in Human Glucokinase that accelerates glucose binding?,(A) Destablize hydrophobic core|(B) Increase conversion to closed state|(C) Shift equilibrium to super-open state|(D) Insufficient information to answer the question|(E) Shift equilibrium to disordered states|(F) Stabilize active form,C,D,https://doi.org/10.1186/s13059-023-02935-8,Shift equilibrium to super-open state,Destablize hydrophobic core|Stabilize active form|Increase conversion to closed state|Shift equilibrium to disordered states
What is the substrate preference of the Ddd1 deaminase?,(A) 5'-AC|(B) Insufficient information to answer the question|(C) 5'-GC|(D) 5'-TC|(E) 5'-CC,C,B,https://doi.org/10.1101/2023.05.21.541555|http://dx.doi.org/10.1016/j.cell.2023.05.041,5'-GC,5'-AC|5'-CC|5'-TC
What kind of localization signal is found in proteins from the PLSCR5 gene?,(A) null|(B) nuclear|(C) extracellular|(D) Insufficient information to answer the question|(E) endoplasmic reticulum,A,D,https://doi.org/10.1016/j.febslet.2014.11.036,null,nuclear|endoplasmic reticulum|extracellular
What marker combination that includes CD38 can be used to identify murine liver CD8+ tissue-resident memory T cells independent of CD69 during inflammatory conditions?,(A) CD38+Gr1+|(B) CD38+CD94+|(C) CD38+NKG2D+|(D) CD38+CXCR6+|(E) Insufficient information to answer the question,D,E,https://doi.org/10.1016/j.immuni.2023.06.005,CD38+CXCR6+,CD38+Gr1+|CD38+CD94+|CD38+NKG2D+
What method was used to demonstrate that the enzyme PafA is stable after incubation with 4M urea for 14 days?,(A) cryo EM|(B) circular dichroism|(C) x-ray crystallography|(D) NMR|(E) Insufficient information to answer the question,B,E,https://doi.org/10.1126/science.abf8761,circular dichroism,cryo EM|x-ray crystallography|NMR
What nucleotide concentration is sufficient to inhibit endonuclease V from Thermotoga maritima?,(A) 3mM|(B) 2mM|(C) 5mM|(D) 30mM|(E) 10mM|(F) 4mM|(G) Insufficient information to answer the question|(H) 20mM|(I) 1mM,B,G,https://doi.org/10.1126/science.add5892,2mM,1mM|3mM|4mM|5mM|10mM|20mM|30mM
What percent of genes that undergo RNA editing in mouse retina cells also display alternative splicing?,(A) Insufficient information to answer the question|(B) 73%|(C) 0.9%|(D) 51.5%|(E) 46%,B,A,https://doi.org/10.1186/s12915-024-01908-y,73%,0.9%|46%|51.5%
"What percent of human TFs and chromatin regulators are bifunctional, meaning they can both activate and repress transcription?",(A) Insufficient information to answer the question|(B) 81|(C) 12|(D) 2|(E) 77,C,A,https://doi.org/10.1038/s41586-023-05906-y,12,77|81|2
What percent of reads map to the top 10 loci in an integration site assay for the large serine recombinase Cp36 in the cell type K562?,(A) 26.6%|(B) 50%|(C) 11.40%|(D) Insufficient information to answer the question|(E) 8.27%,C,D,https://doi.org/10.1038/s41587-022-01494-w,11.40%,8.27%|50%|26.6%
What percentage of colorectal cancer-associated fibroblasts typically survive at 2 weeks if cultured with the platinum-based chemotherapy oxaliplatin?,(A) 50-80%|(B) Insufficient information to answer the question|(C) 0%|(D) 80-99%|(E) 1-20%|(F) 20-50%,A,B,https://doi.org/10.1038/s41467-023-36334-1,50-80%,0%|1-20%|20-50%|80-99%
"What percentage of non-genic genomic region windows displayed some transcription at a relaxed threshold in the E. Coli Long Term Evolution Experiment lines at 50, 000 generations?",(A) 64%|(B) 46%|(C) 95%|(D) 36%|(E) 5%|(F) Insufficient information to answer the question,A,F,https://doi.org/10.1101/2023.11.15.567300,64%,95%|46%|5%|36%
"When HeLa cells that express galectin-3-GFP are infected with a T6SS-5-negative strain of B. thailandensis (B. thailandensis hcp-5 deletion), how many galectin-3 accumulation events can be expected for every 1000 bacteria on average?",(A) 7|(B) Insufficient information to answer the question|(C) 48|(D) 213,C,B,https://doi.org/10.1016/j.chom.2024.03.013,48,213|7
"When a large excess of membrane protein substrate (Vamp2) is added to the wild-type Get3/4/5 chaperone complex, the complex dissociates into two components. Which component does the substrate bind to?",(A) Insufficient information to answer the question|(B) Get4|(C) Get3|(D) Get4/5 complex|(E) Get5|(F) Get3/4 complex,C,A,https://doi.org/10.1016/j.bpj.2021.11.1119|https://doi.org/10.1016/j.bpj.2022.02.026,Get3,Get3/4 complex|Get4|Get5|Get4/5 complex
"When a large excess of membrane protein substrate (Vamp2) is added to the wild-type Get3/4/5 chaperone complex, the complex dissociates. Which component does the substrate not bind to?",(A) Get5|(B) Get4/5 complex|(C) Insufficient information to answer the question|(D) Get3/4 complex|(E) Get3|(F) Get4,B,C,https://doi.org/10.1016/j.bpj.2021.11.1119|https://doi.org/10.1016/j.bpj.2022.02.026,Get4/5 complex,Get3|Get3/4 complex|Get4|Get5
"When the macrocycle MC1 binds to its target PSMD2, what key residue interaction is formed?",(A) R8 residue of MC1 and E878 residue of PSMD2|(B) Insufficient information to answer the question|(C) L33 of MC1 and V743 of PSMD2|(D) S11 of MC1 and S800 of PSMD2|(E) Y15 of MC1 and Y876 of PSMD2|(F) D18 residue of MC1 and E878 residue of PSMD2|(G) R12 of MC1 and D874 of PSMD2,A,B,https://doi.org/10.1038/s41589-022-01218-w,R8 residue of MC1 and E878 residue of PSMD2,D18 residue of MC1 and E878 residue of PSMD2|R12 of MC1 and D874 of PSMD2|Y15 of MC1 and Y876 of PSMD2|L33 of MC1 and V743 of PSMD2|S11 of MC1 and S800 of PSMD2
"When using protein language models to predict the effect of mutations in fitness of adeno-associated virus 2, does fine-tuning give a larger gain for the ESM2, T5, or Ankh models?",(A) There is no gain for any model|(B) Ankh|(C) T5|(D) ESM2|(E) The gain is similar for all models|(F) Insufficient information to answer the question,E,F,https://doi.org/10.1101/2023.12.13.571462,The gain is similar for all models,ESM2|T5|Ankh|There is no gain for any model
Where does Rv2780 localize in macrophages derived from mice that are infected with Mycobacterium tuberculosis?,(A) Endoplasmic Reticulum|(B) Plasma Membrane|(C) Cytoplasm|(D) Mitochondria|(E) Insufficient information to answer the question|(F) Nucleus,C,E,https://doi.org/10.1038/s41467-024-48588-4,Cytoplasm,Nucleus|Plasma Membrane|Endoplasmic Reticulum|Mitochondria
Where does the protein encoded by GARIN3 localize in human cells?,(A) lipid-enriched microdomains in the golgi apparatus|(B) midpiece of the flagella in mature sperm|(C) Insufficient information to answer the question|(D) null,D,C,https://doi.org/10.1242/jcs.115.4.827,null,lipid-enriched microdomains in the golgi apparatus|midpiece of the flagella in mature sperm
Which Batrachochytrium dendrobatidis strain listed below has the largest copy number of the CRESS DNA mycoviral genome relative to the genome average?,(A) All strains have the same copy number|(B) Bd-ASIA1|(C) Bd-BRAZIL|(D) Bd-CAPE|(E) Insufficient information to answer the question,B,E,https://doi.org/10.1016/j.cub.2024.02.062,Bd-ASIA1,Bd-BRAZIL|Bd-CAPE|All strains have the same copy number
Which CDH23 isoforms are capable of localizing to the stereocillia?,(A) Insufficient information to answer the question|(B) Only the V3 isoform.|(C) V2|(D) and V3 isoforms.|(E) Only the V1 isoform.|(F) CDH23(+68)|(G) CDH23(−68)|(H) Both the V1 and V3 isoforms.|(I) Only the V2 isoform.|(J) The V1 and V2 isoforms.|(K) The V1,H,A,https://doi.org/10.1073/pnas.2309656121,Both the V1 and V3 isoforms.,Only the V1 isoform.|Only the V3 isoform.|Only the V2 isoform.|CDH23(+68)|CDH23(−68)|The V1|V2|and V3 isoforms.|The V1 and V2 isoforms.
Which amino acids of yeast Rev7 are not important for its interaction with the MRX complex?,(A) 1-149|(B) 203-245|(C) 1-203|(D) 150-203|(E) Insufficient information to answer the question,A,E,https://doi.org/10.1101/2024.02.20.581217,1-149,150-203|203-245|1-203
Which antibody isotype is NOT produced in HLA-expressing mice by the AMP-CpG formulated EBV vaccine for gp350-specific antibodies?,(A) IgA|(B) IgG2a|(C) Insufficient information to answer the question|(D) IgM|(E) IgG2b|(F) IgG3|(G) IgE|(H) IgG1,G,C,https://doi.org/10.1038/s41467-023-39770-1,IgE,IgA|IgM|IgG1|IgG2a|IgG2b|IgG3
Which bacterial cell wall component has been shown to facilitate lung metastasis in breast cancer models via the prostaglandin E2-EP2 pathway?,(A) peptidoglycan|(B) lipopolysaccharide|(C) Insufficient information to answer the question|(D) lipoprotein|(E) teichoic acid,B,C,https://doi.org/10.3390/cancers14194849,lipopolysaccharide,peptidoglycan|teichoic acid|lipoprotein
Which bioconjugation system is used to attach the INT tag to AAVs in the Vault AAV delivery system?,(A) Dogtag|(B) Spytag|(C) Spytag002|(D) Insufficient information to answer the question|(E) SNAP-tag|(F) HALO tag|(G) Spytag003,G,D,https://doi.org/10.1101/2023.11.29.569229,Spytag003,Spytag002|Spytag|Dogtag|SNAP-tag|HALO tag
Which category of gene is most common in the genomes of Borgs?,(A) Nitrogen fixation proteins|(B) Oxidoreductases|(C) Membrane proteins|(D) Glycosyltransferases|(E) Insufficient information to answer the question,D,E,https://doi.org/10.1038/s41586-022-05256-1,Glycosyltransferases,Nitrogen fixation proteins|Oxidoreductases|Membrane proteins
Which cell type(s) shows most signgicant maturation with transplantation and increasing organoid age?,(A) interneurons|(B) Insufficient information to answer the question|(C) microglia|(D) upper-layer excitatory neurons|(E) upper-layer excitatory neurons and lower-layer excitatory neurons|(F) lower-layer excitatory neurons|(G) astrocytes,D,B,https://doi.org/10.1038/s41587-024-02157-8,upper-layer excitatory neurons,microglia|astrocytes|lower-layer excitatory neurons|interneurons|upper-layer excitatory neurons and lower-layer excitatory neurons
Which metal ion coordinates binding of cyclic tetra-adenylate to Csx23 in Vibrio cholerae?,(A) Potassium|(B) Magnesium|(C) Sodium|(D) Insufficient information to answer the question|(E) Calcium,C,D,https://doi.org/10.1093/nar/gkae167,Sodium,Magnesium|Calcium|Potassium
Which microcin homolog is present in all known E. coli phylogroups?,(A) Microcin H47|(B) Microcin E492|(C) Microcin M|(D) Microcin S|(E) Insufficient information to answer the question|(F) Microcin L|(G) Microcin V|(H) Microcin PDI|(I) Microcin I47,G,E,https://doi.org/10.1128/aem.01486-22,Microcin V,Microcin H47|Microcin E492|Microcin M|Microcin I47|Microcin S|Microcin PDI|Microcin L
Which mouse model(s) of immunisation was used to demonstrate CD90 could identify germinal center-resident follicular helper CD4+ T cells?,(A) Mycobacterium tuberculosis footpad immunization|(B) NP-OVA (4-hydroxy3-nitrophenylacetyl (NP)-ovalbumin (OVA) footpad immunization|(C) Lymphocytic choriomeningitis virus footpad immunization|(D) Insufficient information to answer the question|(E) Leishmania major footpad immunization,B,D,https://doi.org/10.1016/j.immuni.2021.12.015,NP-OVA (4-hydroxy3-nitrophenylacetyl (NP)-ovalbumin (OVA) footpad immunization,Mycobacterium tuberculosis footpad immunization|Lymphocytic choriomeningitis virus footpad immunization|Leishmania major footpad immunization
Which mutations on the SARS-CoV-2 spike protein contribute to resistance of the BA.2 variant to the S2X35 antibody?,"(A) S405N, D371F, E484A|(B) D371F, S371F, R408S|(C) Insufficient information to answer the question|(D) S371F, D405N, E484A|(E) S371F, D405N, R408S",E,C,https://doi.org/10.1016/j.chom.2022.07.016,"S371F, D405N, R408S","S371F, D405N, E484A|S405N, D371F, E484A|D371F, S371F, R408S"
Which of the following DNA structures compacts most quickly upon interaction with Dps in single molecule assays?,(A) Supercoiled and doubly tethered (Y-shape)|(B) Relaxed and singly tethered (I-shaped)|(C) Relaxed and doubly tethered (J-shape)|(D) Single stranded|(E) Insufficient information to answer the question,A,E,https://doi.org/10.1093/nar/gkae223,Supercoiled and doubly tethered (Y-shape),Single stranded|Relaxed and doubly tethered (J-shape)|Relaxed and singly tethered (I-shaped)
"Which of the following compounds is most effective at enhancing ER proteostasis and promote functional, soluble forms of GCase in neurons - DANT, DHBP or DILT?",(A) DANT|(B) DHBP|(C) Insufficient information to answer the question|(D) DILT,D,C,https://doi.org/10.1016/j.neuron.2021.10.032,DILT,DANT|DHBP
Which of the following designed DNA editors has the highest homology directed repair (HDR) efficiency?,(A) CTE (Cas9-TGS-hExo1)|(B) CXE (Cas9-XTEN-hExo1)|(C) EXC (hExo1-XTEN-Cas9)|(D) Insufficient information to answer the question|(E) ETC (hExo1-TGS-Cas9),B,D,https://doi.org/10.1186/s12915-024-01918-w,CXE (Cas9-XTEN-hExo1),EXC (hExo1-XTEN-Cas9)|CTE (Cas9-TGS-hExo1)|ETC (hExo1-TGS-Cas9)
Which of the following domains is critical in mediating NLRP3 inflammasome oligomerization?,(A) LRV (leucine-rich repeat variant)|(B) LRR(Leucine-rich repeat)|(C) fish-specific NACHT-associated (FISNA)|(D) Insufficient information to answer the question|(E) NIMA-related kinase 7 (NEK7),C,D,https://doi.org/10.1038/s41586-022-05570-8,fish-specific NACHT-associated (FISNA),NIMA-related kinase 7 (NEK7)|LRR(Leucine-rich repeat)|LRV (leucine-rich repeat variant)
Which of the following drugs can NOT be used to inhibit binding of the viral protease dNS3S139A to the antiviral peptide CP5-46A-4D5E?,(A) Danoprevir|(B) Glecaprevir|(C) Insufficient information to answer the question|(D) Telaprevir|(E) Grazoprevir,D,C,https://doi.org/10.1021/acschembio.3c00138,Telaprevir,Grazoprevir|Glecaprevir|Danoprevir
Which of the following epigenetic changes can be expected when male valvular interstitial cells (VIC) are cultured on larger polystyrene nanoparticles gels but not on smaller polystyrene nanoparticles gels?,(A) Decreased methylation relative to female VICs|(B) Increased acetylation relative to female VICs|(C) Insufficient information to answer the question|(D) Increased methylation relative to female VICs|(E) Decreased methylation relative to female VICs,B,C,https://doi.org/10.1101/2024.05.13.593760,Increased acetylation relative to female VICs,Increased methylation relative to female VICs|Decreased methylation relative to female VICs|Decreased methylation relative to female VICs
Which of the following gene(s) can lead to pyroptosis when mediated by ZDHHC5?,(A) GSDMD|(B) GSDME|(C) GSDMB & GSDME|(D) GSDMB|(E) Insufficient information to answer the question,A,E,https://doi.org/10.7150/ijbs.86869,GSDMD,GSDME|GSDMB|GSDMB & GSDME
Which of the following genes does TNN interact with?,(A) ERK2|(B) Insufficient information to answer the question|(C) ERK1 & ERK2|(D) null|(E) ERK1,D,B,https://doi.org/10.1002/(sici)1097-0177(200006)218:2<235::aid-dvdy2>3.0.co;2-g,null,ERK1|ERK2|ERK1 & ERK2
Which of the following genes has been shown to be a specific marker for parvalbumin interneurons in the molecular and fusiform layers of the dorsal cochlear nucleus?,(A) Pvalb|(B) Calbindin D28K|(C) Atp2b1|(D) Insufficient information to answer the question|(E) Ogfrl1,E,D,https://doi.org/10.1126/science.aaw1219,Ogfrl1,Atp2b1|Calbindin D28K|Pvalb
Which of the following genes has been shown to be localized to granule cells in the cerebellum that are anterior to the primary fissure?,(A) Mybpc1|(B) Plcb4|(C) Aldoc|(D) Rasgrf1|(E) Insufficient information to answer the question,D,E,https://doi.org/10.1126/science.aaw1219,Rasgrf1,Aldoc|Plcb4|Mybpc1
Which of the following genes is transcriptionally stabilized upon DDX3X depletion?,(A) JUND|(B) PFN1|(C) ActD|(D) EIF2A|(E) LGALS1|(F) Insufficient information to answer the question,A,F,https://doi.org/10.1038/s44320-024-00013-0,JUND,EIF2A|ActD|LGALS1|PFN1
Which of the following genes shows the greatest difference in gene expression between homologous cell types in mouse and human brain?,(A) Htr6|(B) Htr3a|(C) Htr5a|(D) Htr1d|(E) Insufficient information to answer the question,B,E,https://doi.org/10.1038/s41586-019-1506-7,Htr3a,Htr1d|Htr5a|Htr6
Which of the following has enriched nuclear expression in TRAF3 loss of function diffuse large B cell lymphoma cells?,(A) RelA|(B) c-Rel|(C) p50|(D) Insufficient information to answer the question|(E) NF-KB,C,D,https://doi.org/10.1073/pnas.2320421121,p50,RelA|c-Rel|NF-KB
Which of the following is not activated in macrophages upon Il-4 stimulation?,(A) EGR2|(B) cMYC|(C) STAT6|(D) Insufficient information to answer the question|(E) None of the above,E,D,https://doi.org/10.1093/nar/gkae088,None of the above,STAT6|cMYC|EGR2
Which of the following is not an ABA catabolism genes that is upregulated in DANA1 knockout lines of Arabidopsis?,(A) CYP707A1|(B) UGT71B1|(C) MYB44|(D) CYP707A4|(E) Insufficient information to answer the question,C,E,https://doi.org/10.1038/s44319-023-00030-4,MYB44,CYP707A4|UGT71B1|CYP707A1
Which of the following mRNA expression changes can be expected after U2OS cells are treated with BMH-21?,(A) Insufficient information to answer the question|(B) upregulation of POLR2A mRNA|(C) upregulation of MYC mRNA|(D) upregulation of 47S rRNA|(E) upregulation of POL1A mRNA,B,A,https://doi.org/10.1093/nar/gkae069,upregulation of POLR2A mRNA,upregulation of MYC mRNA|upregulation of 47S rRNA|upregulation of POL1A mRNA
Which of the following mutations in PARP1 has been shown to impair its interaction with MRE11 in immunoprecipitation assays?,(A) R548K|(B) K548D|(C) Insufficient information to answer the question|(D) K547R|(E) K548R,E,C,https://doi.org/10.1073/pnas.2322520121,K548R,K547R|K548D|R548K
Which of the following mutations in the SARS-CoV2 BA.1 spike protein has been shown to increase antibody neutralization potency?,(A) S446G|(B) K444T|(C) L452R|(D) Insufficient information to answer the question|(E) R346T,A,D,https://doi.org/10.1038/s41586-024-07385-1,S446G,R346T|K444T|L452R
Which of the following mutations in the native nanobody targeting the RBD of the spike domain of SARS-Cov-2 pulls the CDR2 loop closer to RBD in computational models?,(A) Insufficient information to answer the question|(B) R52D|(C) S57D|(D) G56H|(E) S54E,D,A,https://doi.org/10.1101/2024.05.13.593833,G56H,R52D|S54E|S57D
Which of the following mutations in yeast Pbs2 increases its interaction with SH3?,(A) K85W|(B) P97A|(C) N92S|(D) Insufficient information to answer the question|(E) S83F|(F) N92H|(G) I87W,B,D,https://doi.org/10.1101/2024.05.13.593936,P97A,N92S|S83F|K85W|I87W|N92H
Which of the following mutations protects bacteriophage RexA from proteolytic cleavage?,(A) D215W|(B) R219A|(C) K221A|(D) G140A|(E) Insufficient information to answer the question|(F) G140P,A,E,https://doi.org/10.1093/nar/gkae212,D215W,R219A|K221A|G140A|G140P
Which of the following processes are impacted by the S118L mutation of the potassium channel Kir6.2 in humans?,(A) metabolic inhibition|(B) Insufficient information to answer the question|(C) ATP sensitivity|(D) channel stimulation by MgADP|(E) membrane trafficking,E,B,https://doi.org/10.1007/s00125-024-06103-w,membrane trafficking,ATP sensitivity|metabolic inhibition|channel stimulation by MgADP
Which of the following properties have been found to scale log-linearly between the nitroplast and its host cell?,(A) Genome length|(B) mutation rate|(C) ribosome size|(D) Volume|(E) Insufficient information to answer the question,D,E,https://doi.org/10.1016/j.cell.2024.02.016,Volume,Genome length|ribosome size|mutation rate
Which of the following proteins can be used to identify Post-AIRE mTECs?,(A) Pdpn|(B) Tnfaip2|(C) Slc12a2|(D) Dynlrb2|(E) Snap25|(F) Saa1|(G) Insufficient information to answer the question,A,G,https://doi.org/10.1016/j.cell.2022.05.018,Pdpn,Tnfaip2|Saa1|Snap25|Dynlrb2|Slc12a2
Which of the following proteins has the greatest reduction in association with mutant drosophila SMN D20V protein vs. WT SMN?,(A) SkpA|(B) Cul1|(C) Insufficient information to answer the question|(D) SmD1|(E) HspA,D,C,https://doi.org/10.1101/2024.05.15.594402,SmD1,Cul1|SkpA|HspA
Which of the following residues of KBTBD4-PR contributes to the expansion of the 2b-2c loops and is inserted into the narrow tunnel leading to the HDAC1 catalytic site?,(A) Tyr312|(B) Thr310|(C) Insufficient information to answer the question|(D) Leu314|(E) Arg312|(F) Thr311,E,C,https://doi.org/10.1101/2024.05.14.593970,Arg312,Tyr312|Leu314|Thr310|Thr311
Which of the following ribosomal RNA modification enzymes have been found to promote large ribosomal subunit assembly even when expressed as a catalytically dead mutant?,(A) RlmM|(B) Insufficient information to answer the question|(C) RlmB|(D) RlmN|(E) RluC,C,B,https://doi.org/10.1093/nar/gkae222,RlmB,RlmN|RlmM|RluC
"Which of the following subunits of the Rev1 protein, when knocked out in Drosophila that also lack the Rev3 domain of polymerase zeta, lead to the greatest increase in sensitivity to DNA alkylation induced by methyl methanesulfonate?",(A) Insufficient information to answer the question|(B) BRCT|(C) DTD|(D) UBM,C,A,https://doi.org/10.1101/2024.02.13.580051,DTD,BRCT|UBM
Which of the following synthetically designed matrix proteins produces the thickest fibers?,(A) BUD60|(B) Insufficient information to answer the question|(C) BUD40|(D) BUD80|(E) All are equal,C,B,https://doi.org/10.1101/2024.05.14.594155,BUD40,BUD60|BUD80|All are equal
Which of the following training characteristics within the target brain region could explain inter individual differences in clinical response to real-time functional magnetic resonance imaging neurofeedback in patients with major depressive disorder?,(A) Mean left amygdala activation|(B) Insufficient information to answer the question|(C) Signal amplitude|(D) Signal changes in the left amygdala|(E) None of the above,E,B,https://doi.org/10.1101/2024.05.01.592108,None of the above,Signal amplitude|Mean left amygdala activation|Signal changes in the left amygdala
Which of the following transcriptions factors most strongly promotes macrophage polarization towards a hypoxia state in glioma-associated TAMs?,(A) SMAD5|(B) HIF1A|(C) MYCN|(D) Insufficient information to answer the question|(E) TBX21|(F) p50|(G) SOX15|(H) JUN,F,D,https://doi.org/10.1016/j.ccell.2024.03.013,p50,SMAD5|TBX21|SOX15|MYCN|JUN|HIF1A
Which of the following viscoelastic properties is specific to the nuclei and cytoplasm of immortalized human astrocytes (IHAs) and not those of invasive human glioblastoma cells (GBM)?,(A) Insufficient information to answer the question|(B) The nucleus is less stiff than the cytoplasm.|(C) The nucleus is more stiff than the cytoplasm.|(D) The relaxation time of the nucleus is higher than that of the cytoplasm.|(E) The viscosity of nucleus is approximately the same as the viscosity of the cytoplasm.,C,A,https://doi.org/10.1016/j.bpj.2024.03.034,The nucleus is more stiff than the cytoplasm.,The nucleus is less stiff than the cytoplasm.|The relaxation time of the nucleus is higher than that of the cytoplasm.|The viscosity of nucleus is approximately the same as the viscosity of the cytoplasm.
Which of the following was not upregulated by 5-FU treatment in the HCT116 cell line?,(A) TYMS|(B) polB|(C) ITPA|(D) Insufficient information to answer the question|(E) Rev1,A,D,https://doi.org/10.1093/nar/gkae102,TYMS,ITPA|polB|Rev1
Which of these glycoRNAs does NOT show an increase in M0 macrophages upon stimulation with LPS?,(A) U8|(B) Y5|(C) U1|(D) Insufficient information to answer the question|(E) U35a,A,D,https://doi.org/10.1038/s41587-023-01801-z,U8,U1|U35a|Y5
Which of these ions had the strongest enhancing effect on the cleavage activity of endonuclease R.DraR1 from Deinococcus radiodurans?,(A) Mg2+|(B) Ni2+|(C) Ca2+|(D) Zn2+|(E) Insufficient information to answer the question|(F) Mn2+,F,E,https://doi.org/10.3390/ijms25031660,Mn2+,Ni2+|Zn2+|Mg2+|Ca2+
Which one of the following residues in the intrinsically disordered region of RNA binding protein Unkempt silences it's transcriptional activity when mutated to alanine?,(A) L353|(B) L522|(C) Insufficient information to answer the question|(D) L625|(E) L622,B,C,https://doi.org/10.1038/s41467-024-47449-4,L522,L622|L625|L353
Which over-the-counter antihistamine has been found to be as effective as anti-VISTA antibodies in prolonging survival of mice and inhibiting lung metastasis when combined with ICB therapy?,(A) Levocabastine|(B) Insufficient information to answer the question|(C) Doxylamine|(D) Cyproheptadine|(E) Fexofenadine,E,B,https://doi.org/10.1016/j.ccell.2021.11.002,Fexofenadine,Doxylamine|Cyproheptadine|Levocabastine
Which pathway(s) is primarily responsible for translation initiation of multitail mRNAs?,(A) Cap-Independent Translational Enhancers|(B) IRES-Dependent|(C) eIF4E-eIF4G|(D) 4EGI-1|(E) eIF4E-eIF4G and 4EGI-1|(F) Insufficient information to answer the question,C,F,https://doi.org/10.1038/s41587-024-02174-7,eIF4E-eIF4G,IRES-Dependent|Cap-Independent Translational Enhancers|4EGI-1|eIF4E-eIF4G and 4EGI-1
Which poly(A) oligo(s) demonstrates highest resistance to RNA degredation?,(A) modified linear poly(A)|(B) unmodified branch poly(A)|(C) unmodified linear poly(A)|(D) Insufficient information to answer the question|(E) unmodified branch poly(A) and modified branch poly(A)|(F) modified branch poly(A)|(G) modified linear poly(A) and modified branch poly(A),F,D,https://doi.org/10.1038/s41587-024-02174-7,modified branch poly(A),unmodified linear poly(A)|modified linear poly(A)|unmodified branch poly(A)|modified linear poly(A) and modified branch poly(A)|unmodified branch poly(A) and modified branch poly(A)
Which reactive astrocyte marker has been shown to increase in expression in RhoAnesKO mice?,(A) Insufficient information to answer the question|(B) Nestin|(C) Synemin|(D) GFAP|(E) Vimentin,D,A,https://doi.org/10.1016/j.neuron.2021.08.014,GFAP,Nestin|Synemin|Vimentin
Which symptoms of COVID-19 are associated with the highest levels of KIR+ CD8+ T cells?,(A) Myocarditis|(B) Vasculitis|(C) Deep vein thrombosis|(D) Acute respiratory distress syndrome|(E) Insufficient information to answer the question,B,E,https://doi.org/10.1126/science.abi9591,Vasculitis,Acute respiratory distress syndrome|Myocarditis|Deep vein thrombosis
Which three residues with evolutionary divergence in the G domains of RAS isoforms also impose selectivity constraints of pan-KRAS non-covalent inhibition?,"(A) 12, 13, 61|(B) 85, 121, 122|(C) 12, 13, 141|(D) Insufficient information to answer the question|(E) 32, 35, 38|(F) 95, 121, 122",F,D,https://doi.org/10.1038/s41586-023-06123-3,"95, 121, 122","85, 121, 122|12, 13, 141|32, 35, 38|12, 13, 61"
Which transcription factor has been found to be enriched in heart and skeletal muscle of Rattus norvegicus rats that have undergone endurance training?,(A) MEF2C|(B) Insufficient information to answer the question|(C) ETS1|(D) ZNF143|(E) KLF3|(F) GABPA,A,B,https://doi.org/10.1038/s41586-023-06877-w,MEF2C,GABPA|ETS1|KLF3|ZNF143
Which two transcription factors were used to identify the T4/T5 neuron subtypes in the optic lobe that split into T4/T5a-b and T4/T5c-d subtypes in the Fly Cell Atlas?,"(A) Insufficient information to answer the question|(B) dimm, Pdf|(C) acj6, SoxN|(D) omb, dac",C,A,https://doi.org/10.1126/science.abk2432,"acj6, SoxN","omb, dac|dimm, Pdf"
